{
    "cards": [
        {
            "front": "2+2",
            "back": "4",
            "n": 0,
            "EF": 2.5,
            "I": 0,
            "last_studied": 1684124235.595406
        },
        {
            "front": "3+5",
            "back": "8",
            "n": 0,
            "EF": 2.5,
            "I": 0,
            "last_studied": 1684124426.4426198
        }
    ]
}